Boys,Girls
Liam,Emma
Noah,Olivia
William,Ava
James,Isabella
Logan,Sophia
Benjamin,Mia
Mason,Charlotte
Elijah,Amelia
Oliver,Evelyn
Jacob,Abigail
Lucas,Harper
Michael,Emily
Alexander,Elizabeth
Ethan,Avery
Daniel,Sofia
Matthew,Ella
Aiden,Madison
Henry,Scarlett
Joseph,Victoria
Jackson,Aria
Samuel,Grace
Sebastian,Chloe
David,Camila
Carter,Penelope
Wyatt,Riley
Jayden,Layla
John,Lillian
Owen,Nora
Dylan,Zoey
Luke,Mila
Gabriel,Aubrey
Anthony,Hannah
Isaac,Lily
Grayson,Addison
Jack,Eleanor
Julian,Natalie
Levi,Luna
Christopher,Savannah
Joshua,Brooklyn
Andrew,Leah
Lincoln,Zoe
Mateo,Stella
Ryan,Hazel
Jaxon,Ellie
Nathan,Paisley
Aaron,Audrey
Isaiah,Skylar
Thomas,Violet
Charles,Claire
Caleb,Bella
Josiah,Aurora
Christian,Lucy
Hunter,Anna
Eli,Samantha
Jonathan,Caroline
Connor,Genesis
Landon,Aaliyah
Adrian,Kennedy
Asher,Kinsley
Cameron,Allison
Leo,Maya
Theodore,Sarah
Jeremiah,Madelyn
Hudson,Adeline
Robert,Alexa
Easton,Ariana
Nolan,Elena
Nicholas,Gabriella
Ezra,Naomi
Colton,Alice
Angel,Sadie
Brayden,Hailey
Jordan,Eva
Dominic,Emilia
Austin,Autumn
Ian,Quinn
Adam,Nevaeh
Elias,Piper
Jaxson,Ruby
Greyson,Serenity
Jose,Willow
Ezekiel,Everly
Carson,Cora
Evan,Kaylee
Maverick,Lydia
Bryson,Aubree
Jace,Arianna
Cooper,Eliana
Xavier,Peyton
Parker,Melanie
Roman,Gianna
Jason,Isabelle
Santiago,Julia
Chase,Valentina
Sawyer,Nova
Gavin,Clara
Leonardo,Vivian
Kayden,Reagan
Ayden,Mackenzie
Jameson,Madeline
Kevin,Brielle
Bentley,Delilah
Zachary,Isla
Everett,Rylee
Axel,Katherine
Tyler,Sophie
Micah,Josephine
Vincent,Ivy
Weston,Liliana
Miles,Jade
Wesley,Maria
Nathaniel,Taylor
Harrison,Hadley
Brandon,Kylie
Cole,Emery
Declan,Adalynn
Luis,Natalia
Braxton,Annabelle
Damian,Faith
Silas,Alexandra
Tristan,Ximena
Ryder,Ashley
Bennett,Brianna
George,Raelynn
Emmett,Bailey
Justin,Mary
Kai,Athena
Max,Andrea
Diego,Leilani
Luca,Jasmine
Ryker,Lyla
Carlos,Margaret
Maxwell,Alyssa
Kingston,Adalyn
Ivan,Arya
Maddox,Norah
Juan,Khloe
Ashton,Kayla
Jayce,Eden
Rowan,Eliza
Kaiden,Rose
Giovanni,Ariel
Eric,Melody
Jesus,Alexis
Calvin,Isabel
Abel,Sydney
King,Juliana
Camden,Lauren
Amir,Iris
Blake,Emerson
Alex,London
Brody,Morgan
Malachi,Lilly
Emmanuel,Charlie
Jonah,Aliyah
Beau,Valeria
Jude,Arabella
Antonio,Sara
Alan,Finley
Elliott,Trinity
Elliot,Ryleigh
Waylon,Jordyn
Xander,Jocelyn
Timothy,Kimberly
Victor,Esther
Bryce,Molly
Finn,Valerie
Brantley,Cecilia
Edward,Anastasia
Abraham,Daisy
Patrick,Reese
Grant,Laila
Karter,Mya
Hayden,Amy
Richard,Teagan
Miguel,Amaya
Joel,Elise
Gael,Harmony
Tucker,Paige
Rhett,Adaline
Avery,Fiona
Steven,Alaina
Graham,Nicole
Kaleb,Genevieve
Jasper,Lucia
Jesse,Alina
Matteo,Mckenzie
Dean,Callie
Zayden,Payton
Preston,Eloise
August,Brooke
Oscar,Londyn
Jeremy,Mariah
Alejandro,Julianna
Marcus,Rachel
Dawson,Daniela
Lorenzo,Gracie
Messiah,Catherine
Zion,Angelina
Maximus,Presley
River,Josie
Zane,Harley
Mark,Adelyn
Brooks,Vanessa
Nicolas,Makayla
Paxton,Parker
Judah,Juliette
Emiliano,Amara
Kaden,Marley
Bryan,Lila
Kyle,Ana
Myles,Rowan
Peter,Alana
Charlie,Michelle
Kyrie,Malia
Thiago,Rebecca
Brian,Brooklynn
Kenneth,Brynlee
Andres,Summer
Lukas,Sloane
Aidan,Leila
Jax,Sienna
Caden,Adriana
Milo,Sawyer
Paul,Kendall
Beckett,Juliet
Brady,Destiny
Colin,Alayna
Omar,Elliana
Bradley,Diana
Javier,Hayden
Knox,Ayla
Jaden,Dakota
Barrett,Angela
Israel,Noelle
Matias,Rosalie
Jorge,Joanna
Zander,Jayla
Derek,Alivia
Josue,Lola
Cayden,Emersyn
Holden,Georgia
Griffin,Selena
Arthur,June
Leon,Daleyza
Felix,Tessa
Remington,Maggie
Jake,Jessica
Killian,Remi
Clayton,Delaney
Sean,Camille
Adriel,Vivienne
Riley,Hope
Archer,Mckenna
Legend,Gemma
Erick,Olive
Enzo,Alexandria
Corbin,Blakely
Francisco,Izabella
Dallas,Catalina
Emilio,Raegan
Gunner,Journee
Simon,Gabrielle
Andre,Lucille
Walter,Ruth
Damien,Amiyah
Chance,Evangeline
Phoenix,Blake
Colt,Thea
Tanner,Amina
Stephen,Giselle
Kameron,Lilah
Tobias,Melissa
Manuel,River
Amari,Kate
Emerson,Adelaide
Louis,Charlee
Cody,Vera
Finley,Leia
Iker,Gabriela
Martin,Zara
Rafael,Jane
Nash,Journey
Beckham,Elaina
Cash,Miriam
Karson,Briella
Rylan,Stephanie
Reid,Cali
Theo,Ember
Ace,Lilliana
Eduardo,Aniyah
Spencer,Logan
Raymond,Kamila
Maximiliano,Brynn
Anderson,Ariella
Ronan,Makenzie
Lane,Annie
Cristian,Mariana
Titus,Kali
Travis,Haven
Jett,Elsie
Ricardo,Nyla
Bodhi,Paris
Gideon,Lena
Jaiden,Freya
Fernando,Adelynn
Mario,Lyric
Conor,Camilla
Keegan,Sage
Ali,Jennifer
Cesar,Paislee
Ellis,Talia
Jayceon,Alessandra
Walker,Juniper
Cohen,Fatima
Arlo,Raelyn
Hector,Amira
Dante,Arielle
Kyler,Phoebe
Garrett,Kinley
Donovan,Ada
Seth,Nina
Jeffrey,Ariah
Tyson,Samara
Jase,Myla
Desmond,Brinley
Caiden,Cassidy
Gage,Maci
Atlas,Aspen
Major,Allie
Devin,Keira
Edwin,Kaia
Angelo,Makenna
Orion,Amanda
Conner,Heaven
Julius,Joy
Marco,Lia
Jensen,Madilyn
Daxton,Gracelyn
Peyton,Laura
Zayn,Evelynn
Collin,Lexi
Jaylen,Haley
Dakota,Miranda
Prince,Kaitlyn
Johnny,Daniella
Kayson,Felicity
Cruz,Jacqueline
Hendrix,Evie
Atticus,Angel
Troy,Danielle
Kane,Ainsley
Edgar,Dylan
Sergio,Kiara
Kash,Millie
Marshall,Jordan
Johnathan,Maddison
Romeo,Rylie
Shane,Alicia
Warren,Maeve
Joaquin,Margot
Wade,Kylee
Leonel,Phoenix
Trevor,Heidi
Dominick,Zuri
Muhammad,Alondra
Erik,Lana
Odin,Madeleine
Quinn,Gracelynn
Jaxton,Kenzie
Dalton,Miracle
Nehemiah,Shelby
Frank,Elle
Grady,Adrianna
Gregory,Bianca
Andy,Addilyn
Solomon,Kira
Malik,Veronica
Rory,Gwendolyn
Clark,Esmeralda
Reed,Chelsea
Harvey,Alison
Zayne,Skyler
Jay,Magnolia
Jared,Daphne
Noel,Jenna
Shawn,Everleigh
Fabian,Kyla
Ibrahim,Braelynn
Adonis,Harlow
Ismael,Annalise
Pedro,Mikayla
Leland,Dahlia
Malakai,Maliyah
Malcolm,Averie
Alexis,Scarlet
Kason,Kayleigh
Porter,Luciana
Sullivan,Kelsey
Raiden,Nadia
Allen,Amber
Ari,Gia
Russell,Kamryn
Princeton,Yaretzi
Winston,Carmen
Kendrick,Jimena
Roberto,Erin
Lennox,Christina
Hayes,Katie
Finnegan,Ryan
Nasir,Viviana
Kade,Alexia
Nico,Anaya
Emanuel,Serena
Landen,Katelyn
Moises,Ophelia
Ruben,Regina
Hugo,Helen
Abram,Remington
Adan,Camryn
Khalil,Cadence
Zaiden,Royalty
Augustus,Amari
Marcos,Kathryn
Philip,Skye
Phillip,Emely
Cyrus,Jada
Esteban,Ariyah
Braylen,Aylin
Albert,Saylor
Bruce,Kendra
Kamden,Cheyenne
Lawson,Fernanda
Jamison,Sabrina
Sterling,Francesca
Damon,Eve
Gunnar,Mckinley
Kyson,Frances
Luka,Sarai
Franklin,Carolina
Ezequiel,Kennedi
Pablo,Nylah
Derrick,Tatum
Zachariah,Alani
Cade,Lennon
Jonas,Raven
Dexter,Zariah
Kolton,Leslie
Remy,Winter
Hank,Abby
Tate,Mabel
Trenton,Sierra
Kian,April
Drew,Willa
Mohamed,Carly
Dax,Jolene
Rocco,Rosemary
Bowen,Aviana
Mathias,Madelynn
Ronald,Selah
Francis,Renata
Matthias,Lorelei
Milan,Briana
Maximilian,Celeste
Royce,Wren
Skyler,Charleigh
Corey,Leighton
Kasen,Annabella
Drake,Jayleen
Gerardo,Braelyn
Jayson,Ashlyn
Sage,Jazlyn
Braylon,Mira
Benson,Oakley
Moses,Malaysia
Alijah,Edith
Rhys,Avianna
Otto,Maryam
Oakley,Emmalyn
Armando,Hattie
Jaime,Kensley
Nixon,Macie
Saul,Bristol
Scott,Marlee
Brycen,Demi
Ariel,Cataleya
Enrique,Maia
Donald,Sylvia
Chandler,Itzel
Asa,Allyson
Eden,Lilith
Davis,Melany
Keith,Kaydence
Frederick,Holly
Rowen,Nayeli
Lawrence,Meredith
Leonidas,Nia
Aden,Liana
Julio,Megan
Darius,Justice
Johan,Bethany
Deacon,Alejandra
Cason,Janelle
Danny,Elisa
Nikolai,Adelina
Taylor,Ashlynn
Alec,Elianna
Royal,Aleah
Armani,Myra
Kieran,Lainey
Luciano,Blair
Omari,Kassidy
Rodrigo,Charley
Arjun,Virginia
Ahmed,Kara
Brendan,Helena
Cullen,Sasha
Raul,Julie
Raphael,Michaela
Ronin,Carter
Brock,Matilda
Pierce,Kehlani
Alonzo,Henley
Casey,Maisie
Dillon,Hallie
Uriel,Jazmin
Dustin,Priscilla
Gianni,Marilyn
Roland,Cecelia
Landyn,Danna
Kobe,Colette
Dorian,Baylee
Emmitt,Elliott
Ryland,Ivanna
Apollo,Cameron
Aarav,Celine
Roy,Alayah
Duke,Hanna
Quentin,Imani
Sam,Angelica
Lewis,Emelia
Tony,Kalani
Uriah,Alanna
Dennis,Lorelai
Moshe,Macy
Isaias,Karina
Braden,Addyson
Quinton,Aleena
Cannon,Aisha
Ayaan,Johanna
Mathew,Mallory
Kellan,Leona
Niko,Mariam
Edison,Kynlee
Izaiah,Madilynn
Jerry,Karen
Gustavo,Karla
Jamari,Skyla
Marvin,Beatrice
Mauricio,Dayana
Ahmad,Gloria
Mohammad,Milani
Justice,Savanna
Trey,Karsyn
Elian,Rory
Mohammed,Giuliana
Sincere,Lauryn
Yusuf,Liberty
Arturo,Galilea
Callen,Aubrie
Rayan,Charli
Keaton,Kyleigh
Wilder,Brylee
Mekhi,Jillian
Memphis,Anne
Cayson,Haylee
Conrad,Dallas
Kaison,Azalea
Kyree,Jayda
Soren,Tiffany
Colby,Avah
Bryant,Shiloh
Lucian,Bailee
Alfredo,Jazmine
Cassius,Esme
Marcelo,Coraline
Nikolas,Madisyn
Brennan,Elaine
Darren,Lilian
Jasiah,Kyra
Jimmy,Kaliyah
Lionel,Kora
Reece,Octavia
Ty,Irene
Chris,Kelly
Forrest,Lacey
Korbin,Laurel
Tatum,Adley
Jalen,Anika
Santino,Janiyah
Case,Dorothy
Leonard,Sutton
Alvin,Julieta
Issac,Kimber
Bo,Remy
Quincy,Cassandra
Mack,Rebekah
Samson,Collins
Rex,Elliot
Alberto,Emmy
Callum,Sloan
Curtis,Hayley
Hezekiah,Amalia
Finnley,Jemma
Briggs,Jamie
Kamari,Melina
Zeke,Leyla
Raylan,Jaylah
Neil,Anahi
Titan,Jaliyah
Julien,Kailani
Kellen,Harlee
Devon,Wynter
Kylan,Saige
Roger,Alessia
Axton,Monica
Carl,Anya
Douglas,Antonella
Larry,Emberly
Crosby,Khaleesi
Fletcher,Ivory
Makai,Greta
Nelson,Maren
Hamza,Alena
Lance,Emory
Alden,Alaia
Gary,Cynthia
Wilson,Addisyn
Alessandro,Alia
Ares,Lylah
Kashton,Angie
Bruno,Ariya
Jakob,Alma
Stetson,Crystal
Zain,Jayde
Cairo,Aileen
Nathanael,Kinslee
Byron,Siena
Harry,Zelda
Harley,Katalina
Mitchell,Marie
Maurice,Pearl
Orlando,Reyna
Kingsley,Mae
Kaysen,Zahra
Sylas,Kailey
Trent,Jessie
Ramon,Tiana
Boston,Amirah
Lucca,Madalyn
Noe,Alaya
Jagger,Lilyana
Reyansh,Julissa
Vihaan,Armani
Randy,Lennox
Thaddeus,Lillie
Lennon,Jolie
Kannon,Laney
Kohen,Roselyn
Tristen,Mara
Valentino,Joelle
Maxton,Rosa
Salvador,Kaylani
Abdiel,Bridget
Langston,Liv
Rohan,Oaklyn
Kristopher,Aurelia
Yosef,Clarissa
Rayden,Elyse
Lee,Marissa
Callan,Monroe
Tripp,Kori
Deandre,Elsa
Joe,Rosie
Morgan,Amelie
Dariel,Aitana
Colten,Aliza
Reese,Eileen
Jedidiah,Poppy
Ricky,Emmie
Bronson,Braylee
Terry,Milana
Eddie,Addilynn
Jefferson,Royal
Lachlan,Chaya
Layne,Frida
Clay,Bonnie
Madden,Amora
Jamir,Stevie
Tomas,Tatiana
Kareem,Malaya
Stanley,Mina
Brayan,Emerie
Amos,Reign
Kase,Zaylee
Kristian,Annika
Clyde,Kenia
Ernesto,Linda
Tommy,Kenna
Casen,Faye
Ford,Reina
Crew,Brittany
Braydon,Marina
Brecken,Astrid
Hassan,Kadence
Axl,Mikaela
Boone,Jaelyn
Leandro,Briar
Samir,Kaylie
Jaziel,Teresa
Magnus,Bria
Abdullah,Hadassah
Yousef,Lilianna
Branson,Guadalupe
Jadiel,Rayna
Jaxen,Chanel
Layton,Lyra
Franco,Noa
Ben,Zariyah
Grey,Laylah
Kelvin,Aubrielle
Chaim,Aniya
Demetrius,Livia
Blaine,Ellen
Ridge,Meadow
Colson,Amiya
Melvin,Ellis
Anakin,Elora
Aryan,Milan
Lochlan,Hunter
Jon,Princess
Canaan,Leanna
Dash,Nathalie
Zechariah,Clementine
Alonso,Nola
Otis,Tenley
Zaire,Simone
Marcel,Lina
Brett,Marianna
Stefan,Martha
Aldo,Sariah
Jeffery,Louisa
Baylor,Noemi
Talon,Emmeline
Dominik,Kenley
Flynn,Belen
Carmelo,Erika
Dane,Myah
Jamal,Lara
Kole,Amani
Enoch,Ansley
Graysen,Everlee
Kye,Maleah
Vicente,Salma
Fisher,Jaelynn
Ray,Kiera
Fox,Dulce
Jamie,Nala
Rey,Natasha
Zaid,Averi
Allan,Mercy
Emery,Penny
Gannon,Ariadne
Joziah,Deborah
Rodney,Elisabeth
Juelz,Zaria
Sonny,Hana
Terrance,Kairi
Zyaire,Yareli
Augustine,Raina
Cory,Ryann
Felipe,Lexie
Aron,Thalia
Jacoby,Karter
Harlan,Annabel
Marc,Christine
Bobby,Estella
Joey,Keyla
Anson,Adele
Huxley,Aya
Marlon,Estelle
Anders,Landry
Guillermo,Tori
Payton,Perla
Castiel,Lailah
Damari,Miah
Shepherd,Rylan
Azariah,Angelique
Harold,Avalynn
Harper,Romina 
Henrik,Ari
Houston,Jaycee
Kairo,Jaylene
Willie,Kai
Elisha,Louise
Ameer,Mavis
Emory,Scarlette
Skylar,Belle
Sutton,Lea
Alfonso,Nalani
Brentley,Rivka
Toby,Ayleen
Blaze,Calliope
Eugene,Dalary
Shiloh,Zaniyah
Wayne,Kaelyn
Darian,Sky
Gordon,Jewel
London,Joselyn
Bodie,Madalynn
Jordy,Paola
Jermaine,Giovanna
Denver,Isabela
Gerald,Karlee
Merrick,Aubriella
Musa,Azariah
Vincenzo,Tinley
Kody,Dream
Yahir,Claudia
Brodie,Corinne
Trace,Erica
Darwin,Milena
Tadeo,Aliana
Bentlee,Kallie
Billy,Alyson
Hugh,Joyce
Reginald,Tinsley
Vance,Whitney
Westin,Emilee
Cain,Paisleigh
Arian,Carolyn
Dayton,Jaylee
Javion,Zoie
Terrence,Frankie
Brysen,Andi
Jaxxon,Judith
Thatcher,Paula
Landry,Xiomara
Rene,Aiyana
Westley,Amia
Miller,Analia
Alvaro,Audrina
Cristiano,Hadlee
Eliseo,Rayne
Ephraim,Amayah
Adrien,Cara
Jerome,Celia
Khalid,Lyanna
Aydin,Opal
Mayson,Amaris
Alfred,Clare
Duncan,Gwen
Junior,Giana
Kendall,Veda
Zavier,Alisha
Koda,Davina
Maison,Rhea
Caspian,Sariyah
Maxim,Noor
Kace,Danica
Zackary,Kathleen
Rudy,Lillianna
Coleman,Lindsey
Keagan,Maxine
Kolten,Paulina
Maximo,Hailee
Dario,Harleigh
Davion,Nancy
Kalel,Jessa
Briar,Raquel
Jairo,Raylee
Misael,Zainab
Rogelio,Chana
Terrell,Lisa
Heath,Heavenly
Micheal,Oaklynn
Wesson,Aminah
Aaden,Emmalynn
Brixton,Patricia
Draven,India
Xzavier,Janessa
Darrell,Paloma
Keanu,Ramona
Ronnie,Sandra
Konnor,Abril
Will,Emmaline
Dangelo,Itzayana
Frankie,Kassandra
Kamryn,Vienna
Salvatore,Marleigh
Santana,Kailyn
Shaun,Novalee
Coen,Rosalyn
Leighton,Hadleigh
Mustafa,Luella
Reuben,Taliyah
Ayan,Avalyn
Blaise,Barbara
Dimitri,Iliana
Keenan,Jana
Van,Meilani
Achilles,Aadhya
Channing,Alannah
Ishaan,Blaire
Wells,Brenda
Benton,Casey
Lamar,Selene
Nova,Lizbeth
Yahya,Adrienne
Dilan,Annalee
Gibson,Malani
Camdyn,Aliya
Ulises,Miley
Alexzander,Nataly
Valentin,Bexley
Shepard,Joslyn
Alistair,Maliah
Eason,Zion
Kaiser,Breanna
Leroy,Melania
Zayd,Estrella
Camilo,Ingrid
Markus,Jayden
Foster,Kaya
Davian,Kaylin
Dwayne,Harmoni
Jabari,Arely
Judson,Jazlynn
Koa,Kiana
Yehuda,Dana
Lyric,Mylah
Tristian,Oaklee
Agustin,Ailani
Bridger,Kailee
Vivaan,Legacy
Brayson,Marjorie
Emmet,Paityn
Marley,Courtney
Mike,Ellianna
Nickolas,Jurnee
Kenny,Karlie
Leif,Evalyn
Bjorn,Holland
Ignacio,Kenya
Rocky,Magdalena
Chad,Carla
Gatlin,Halle
Greysen,Aryanna
Kyng,Kaiya
Randall,Kimora
Reign,Naya
Vaughn,Saoirse
Jessie,Susan
Louie,Desiree
Shmuel,Ensley
Zahir,Renee
Ernest,Esperanza
Javon,Treasure
Khari,Caylee
Reagan,Ellison
Avi,Kristina
Ira,Adilynn
Ledger,Anabelle
Simeon,Egypt
Yadiel,Spencer
Maddux,Tegan
Seamus,Aranza
Jad,Vada
Jeremias,Emerald
Kylen,Florence
Rashad,Marlowe
Santos,Micah
Cedric,Sonia
Craig,Sunny
Dominique,Tara
Gianluca,Riya
Jovanni,Yara
Bishop,Alisa
Brenden,Nathalia
Anton,Yamileth
Camron,Saanvi
Giancarlo,Samira
Lyle,Sylvie
Alaric,Brenna
Decker,Carlee
Eliezer,Jenny
Ramiro,Miya
Yisroel,Monserrat
Howard,Zendaya
Jaxx,Alora
